55,PF Boavista,41.162392,-8.655714,Avenida da Boavista,1.500000
2,PF Riberia,41.140416,-8.612434,Cais da Ribeira,1.800000
3,PF Norte,41.150000,-8.610240,Rua do Norte,1.300000
4,PF Santa Catarina,41.146380,-8.607050,Rua Santa Catarina,1.700000
